season,week,game_date,punter,punting_team_pfr,dst_team_pfr,game_location,result,punt_attempts,punt_yards,punt_blocks
1936,14,1936-12-13,Riley Smith,BOS,GNB,,L 6-21,8,340,2
1938,14,1938-12-11,Cecil Isbell,GNB,NYG,@,L 17-23,1,0,1
1939,14,1939-12-10,Clarke Hinkle,GNB,NYG,,W 27-0,3,171,2
1943,14,1943-12-19,Len Younce,NYG,WAS,,L 0-28,10,362,1
1946,2,1946-09-13,Glenn Dobbs,BDA,LAD,@,L 14-20,6,252,1
1946,3,1946-09-20,Ace Parker,NYY,CHR,@,T 17-17,3,73,1
1946,3,1946-09-20,Bob Kennedy,NYY,CHR,@,T 17-17,3,88,1
1946,3,1946-09-20,Cotton Price,MIA,LAD,@,L 14-30,4,105,1
1946,3,1946-09-22,Harry Hopp,BUF,CLE,,L 0-28,2,27,1
1946,4,1946-09-29,Bob Reinhard,LAD,BUF,@,T 21-21,2,35,1
1946,4,1946-09-29,Harry Hopp,BUF,LAD,,T 21-21,6,204,1
1946,5,1946-10-05,Walt Williams,CHR,LAD,,L 9-21,6,221,1
1946,7,1946-10-19,Spec Sanders,NYY,BDA,,W 21-10,1,0,1
1946,8,1946-10-27,Spec Sanders,NYY,LAD,@,W 31-17,2,31,1
1946,9,1946-11-02,Pres Johnston,BUF,SFO,@,L 14-27,5,160,1
1946,10,1946-11-10,Ace Parker,NYY,LAD,,W 17-12,4,117,1
1946,11,1946-11-17,Glenn Dobbs,BDA,LAD,,L 14-19,5,176,1
1946,12,1946-11-25,Kay Eakin,MIA,LAD,,L 21-34,8,305,1
1946,13,1946-11-30,Ernie Lewis,CHR,SFO,@,L 0-14,3,70,1
1947,1,1947-08-31,Frankie Sinkwich,NYY,BUF,@,L 24-28,2,46,1
1947,2,1947-09-05,Bob Kennedy,NYY,CHR,,W 48-26,1,8,1
1947,2,1947-09-05,Ernie Lewis,CHR,NYY,@,L 26-48,7,275,1
1947,2,1947-09-07,Bob Reinhard,LAD,SFO,@,L 14-17,6,213,1
1947,3,1947-09-14,John Galvin,BCL,SFO,@,L 7-14,6,204,1
1947,5,1947-09-28,Bob Kennedy,NYY,BCL,@,W 21-7,1,0,1
1947,6,1947-10-03,Bob Perina,BDA,CHR,@,W 35-31,1,9,1
1947,7,1947-10-12,Bob Hoernschemeyer,BDA,NYY,@,L 7-31,1,5,1
1947,7,1947-10-12,Bob Perina,BDA,NYY,@,L 7-31,1,18,1
1947,9,1947-10-24,Ernie Lewis,CHR,NYY,,L 7-28,6,229,1
1947,9,1947-10-26,Ernie Case,BCL,LAD,@,L 0-56,4,99,1
1947,10,1947-10-31,Ernie Lewis,CHR,BDA,@,L 3-7,7,253,1
1947,10,1947-11-02,Bob Kennedy,NYY,BCL,,W 35-21,1,36,1
1947,11,1947-11-09,Frankie Albert,SFO,NYY,@,L 16-24,8,317,1
1947,11,1947-11-09,Spec Sanders,NYY,SFO,,W 24-16,3,40,2
1947,12,1947-11-16,John Galvin,BCL,BDA,@,L 14-21,8,249,1
1947,12,1947-11-16,Glenn Dobbs,LAD,NYY,@,L 13-16,6,277,2
1947,13,1947-11-21,Ernie Lewis,CHR,SFO,,L 16-41,7,242,1
1947,14,1947-12-21,Bob Cifers,PIT,PHI,,L 0-21,9,360,1
1948,1,1948-08-27,Glenn Dobbs,LAD,CHR,@,W 7-0,8,413,1
1948,1,1948-08-27,Mickey Colmer,BDA,NYY,,L 3-21,3,102,1
1948,2,1948-09-03,Glenn Dobbs,LAD,CLE,@,L 14-19,3,99,1
1948,2,1948-09-05,Charlie O'Rourke,BCL,NYY,,W 45-28,5,133,1
1948,3,1948-09-12,Bob Smith,BUF,CLE,,L 13-42,6,191,1
1948,4,1948-09-19,Glenn Dobbs,LAD,SFO,@,L 14-36,8,347,1
1948,10,1948-10-31,Mickey Colmer,BDA,LAD,,L 0-17,7,285,1
1949,2,1949-09-04,Ernie Lewis,CHH,SFO,@,L 7-42,6,203,1
1949,3,1949-09-11,Tom Colella,BUF,NYY,,L 14-17,6,219,1
1949,5,1949-09-22,Tom Landry,NYY,LAD,,W 10-7,2,51,1
1949,10,1949-10-28,George Taliaferro,LAD,CHH,@,W 24-14,3,81,1
1949,11,1949-11-06,Norm Standlee,SFO,BCL,@,W 28-10,3,70,1
1949,11,1949-11-06,Horace Gillom,CLE,CHH,,W 35-2,2,49,1
1949,13,1949-11-20,Tom Landry,NYY,CLE,,L 0-31,5,224,1
1949,13,1949-11-20,Warren Lahr,CLE,NYY,@,W 31-0,4,125,1
1949,13,1949-12-18,Bob Waterfield,RAM,PHI,,L 0-14,9,343,1
1949,14,1949-11-24,George Taliaferro,LAD,NYY,,L 16-17,8,272,1
1950,1,1950-09-17,George Gulyanics,CHI,RAM,@,W 24-20,4,111,1
1950,2,1950-09-22,Bob Waterfield,RAM,NYY,,W 45-28,6,193,1
1950,2,1950-09-22,Spec Sanders,NYY,RAM,@,L 28-45,8,321,1
1950,2,1950-09-24,Sammy Baugh,WAS,GNB,@,L 21-35,3,83,1
1950,5,1950-10-15,Jug Girard,GNB,CHI,@,L 14-28,11,418,1
1950,5,1950-10-15,George Blanda,CHI,GNB,,W 28-14,2,30,1
1950,5,1950-10-15,Doak Walker,DET,RAM,,L 28-30,7,234,1
1950,9,1950-11-12,Spec Sanders,NYY,CHI,@,L 20-28,5,161,1
1950,9,1950-11-12,Horace Gillom,CLE,SFO,,W 34-14,7,226,1
1950,10,1950-11-19,Adrian Burk,BCL,NYG,,L 20-55,10,335,1
1950,10,1950-11-19,Bob Waterfield,RAM,NYY,@,W 43-35,4,147,1
1950,11,1950-11-26,Jug Girard,GNB,SFO,,W 25-21,4,155,1
1950,12,1950-12-03,Jim Hardy,CRD,CHI,,W 20-10,7,291,1
1950,13,1950-12-10,Frankie Albert,SFO,GNB,,W 30-14,4,118,1
1950,13,1950-12-10,Joe Muha,PHI,NYG,,L 7-9,1,0,1
1950,13,1950-12-10,Tom Landry,NYG,PHI,@,W 9-7,9,261,1
1951,1,1951-09-28,George Taliaferro,NYY,RAM,@,L 14-54,14,486,1
1951,2,1951-10-07,Frank Tripucka,CRD,CHI,,W 28-14,5,154,1
1951,4,1951-10-21,Chuck Ortmann,PIT,CLE,@,L 0-17,1,0,1
1951,5,1951-10-28,Bob Smith,DET,CHI,,L 23-28,2,53,1
1951,5,1951-10-28,Norm Van Brocklin,RAM,SFO,@,L 17-44,4,146,1
1951,10,1951-12-02,Fred Morrison,CHI,RAM,,L 17-42,5,162,1
1952,1,1952-09-28,Fred Morrison,CHI,GNB,@,W 24-14,5,161,1
1952,1,1952-09-29,Frank Tripucka,CRD,WAS,,L 7-23,6,144,1
1952,5,1952-10-26,Adrian Burk,PHI,NYG,@,W 14-10,10,358,1
1952,5,1952-10-26,Hank Lauricella,DTX,SFO,@,L 21-48,7,185,1
1952,6,1952-11-02,Adrian Burk,PHI,GNB,@,L 10-12,12,508,1
1952,9,1952-11-23,Frank Tripucka,DTX,GNB,@,L 14-42,1,0,1
1952,10,1952-11-30,Tom Landry,NYG,PIT,@,L 7-63,9,366,1
1952,12,1952-12-14,Horace Gillom,CLE,NYG,@,L 34-37,2,46,1
1953,1,1953-09-27,Butch Avinger,NYG,RAM,@,L 7-21,10,342,1
1953,4,1953-10-18,Jim Powers,SFO,CHI,@,W 35-28,8,279,1
1953,4,1953-10-18,Fred Morrison,CHI,SFO,,L 28-35,8,317,1
1953,6,1953-11-01,Eddie LeBaron,WAS,CLE,@,L 3-27,5,163,1
1953,7,1953-11-08,Fred Morrison,CHI,GNB,,T 21-21,7,316,1
1954,1,1954-09-26,Rex Berry,SFO,WAS,,W 41-7,1,0,1
1954,3,1954-10-10,Cotton Davidson,BAL,CHI,@,L 9-28,11,425,1
1955,1,1955-09-25,Bobby Luna,SFO,RAM,,L 14-23,5,179,1
1955,2,1955-10-02,Bobby Luna,SFO,CLE,,L 3-38,8,276,1
1955,6,1955-10-30,Dave Mann,CRD,CLE,,L 20-26,4,108,1
1955,6,1955-10-30,Horace Gillom,CLE,CRD,@,W 26-20,6,212,1
1955,6,1955-10-30,Ed Brown,CHI,RAM,@,W 31-20,5,177,1
1955,8,1955-11-13,Horace Gillom,CLE,PHI,@,L 17-33,5,172,1
1955,11,1955-12-04,Bobby Luna,SFO,GNB,,L 7-28,6,203,1
1955,11,1955-12-04,Horace Gillom,CLE,PIT,@,W 30-7,5,161,1
1955,12,1955-12-11,Tom Landry,NYG,DET,@,W 24-19,7,249,1
1956,5,1956-10-28,Adrian Burk,PHI,NYG,@,L 3-20,9,327,1
1956,7,1956-11-11,Dave Mann,CRD,NYG,@,L 10-23,3,56,1
1956,9,1956-11-25,Ed Brown,CHI,NYG,@,T 17-17,5,165,1
1956,14,1956-12-30,Ed Brown,CHI,NYG,@,L 7-47,6,255,1
1957,2,1957-10-05,Jerry Norton,PHI,NYG,,L 20-24,7,295,1
1957,4,1957-10-20,Ken Konz,CLE,PHI,@,L 7-17,5,196,1
1957,6,1957-11-03,Dick Deschaine,GNB,NYG,,L 17-31,5,159,1
1957,7,1957-11-10,Dick Deschaine,GNB,CHI,@,L 14-21,5,162,1
1957,10,1957-12-01,Ed Brown,CHI,WAS,,L 3-14,5,159,1
1958,3,1958-10-12,Yale Lary,DET,RAM,,L 28-42,4,134,1
1958,6,1958-11-02,Jack Johnson,CHI,RAM,@,L 35-41,3,75,1
1958,12,1958-12-14,Norm Van Brocklin,PHI,WAS,@,L 0-20,6,202,1
1959,4,1959-10-18,Max McGee,GNB,RAM,,L 6-45,6,213,1
1959,6,1959-11-01,Del Shofner,RAM,CHI,,L 21-26,3,73,1
1959,8,1959-11-15,Norm Van Brocklin,PHI,CRD,,W 27-17,6,207,1
1960,3,1960-09-23,George Herring,DEN,NYT,@,L 24-28,4,116,1
1960,3,1960-10-09,Ed Brown,CHI,RAM,,W 34-27,2,25,1
1960,5,1960-10-23,Del Shofner,RAM,CHI,,T 24-24,8,317,1
1960,7,1960-10-23,George Herring,DEN,BOS,,W 31-24,5,163,1
1960,7,1960-11-06,Yale Lary,DET,SFO,@,W 24-0,6,223,1
1960,8,1960-10-28,Tom Greene,BOS,LAC,,L 16-45,5,171,1
1960,8,1960-11-13,Dave Sherer,DAL,GNB,@,L 7-41,5,175,1
1960,9,1960-11-20,Boyd Dowler,GNB,RAM,,L 31-33,3,90,1
1960,10,1960-11-24,Boyd Dowler,GNB,DET,@,L 10-23,2,37,1
1960,11,1960-12-04,Yale Lary,DET,BAL,@,W 20-15,6,257,1
1960,11,1960-12-04,Ed Brown,CHI,GNB,,L 13-41,5,157,1
1960,12,1960-12-10,Max McGee,GNB,SFO,@,W 13-0,6,216,1
1960,13,1960-12-17,Joe Marconi,RAM,GNB,,L 21-35,4,121,1
1960,13,1960-12-18,Bobby Joe Green,PIT,STL,@,L 7-38,8,305,1
1961,1,1961-09-17,Jerry Norton,STL,NYG,@,W 21-10,6,204,1
1961,1,1961-09-17,Allen Green,DAL,PIT,,W 27-24,6,187,1
1961,3,1961-10-01,Mike Mercer,MIN,BAL,@,L 33-34,7,262,1
1961,4,1961-10-08,Don Chandler,NYG,STL,@,W 24-9,11,485,1
1961,5,1961-10-07,Tom Yewcic,BOS,SDG,,L 27-38,7,273,1
1961,5,1961-10-08,Billy Atkins,BUF,HOU,@,W 22-12,7,237,1
1961,7,1961-10-22,Wayne Crow,OAK,SDG,,L 10-41,4,116,1
1961,8,1961-10-29,Tom Yewcic,BOS,DTX,@,W 18-17,6,205,1
1961,9,1961-11-12,Don Chandler,NYG,PHI,,W 38-21,6,228,1
1961,11,1961-11-17,Wayne Crow,OAK,BOS,@,L 17-20,6,179,1
1961,14,1961-12-09,Jerry Burch,OAK,BOS,,L 21-35,1,0,1
1961,14,1961-12-10,Cotton Davidson,DTX,DEN,,W 49-21,5,123,1
1961,15,1961-12-17,Paul Maguire,SDG,BOS,,L 0-41,7,267,1
1962,2,1962-09-16,Tom Yewcic,BOS,HOU,,W 34-21,7,284,1
1962,3,1962-09-22,Billy Atkins,NYT,BUF,@,W 17-6,9,354,1
1962,4,1962-09-30,Eddie Wilson,DTX,BUF,,W 41-21,4,88,1
1962,4,1962-10-07,Sam Etcheverry,STL,NYG,,L 14-31,6,212,1
1962,4,1962-10-07,Don Chandler,NYG,STL,@,W 31-14,4,124,1
1962,6,1962-10-14,Jim Norton,HOU,NYT,,W 56-17,5,161,1
1962,6,1962-10-21,Yale Lary,DET,NYG,@,L 14-17,5,175,1
1962,7,1962-10-20,Cotton Davidson,OAK,BUF,@,L 6-14,2,47,1
1962,13,1962-12-09,Danny Villanueva,RAM,CHI,@,L 14-30,7,231,1
1962,16,1962-12-30,Max McGee,GNB,NYG,@,W 16-7,6,153,1
1963,1,1963-09-08,Tom Yewcic,BOS,NYJ,,W 38-14,4,113,1
1963,4,1963-10-06,Tommy Davis,SFO,DET,@,L 3-26,10,475,1
1963,5,1963-10-05,Curley Johnson,NYJ,BOS,,W 31-24,7,239,1
1963,10,1963-11-08,Jerrel Wilson,KAN,OAK,,L 7-22,9,264,1
1963,13,1963-12-08,Tommy Davis,SFO,CHI,@,L 7-27,7,274,1
1963,14,1963-12-08,Jim Fraser,DEN,KAN,@,L 21-52,6,118,3
1964,3,1964-09-27,Tom Yewcic,BOS,NYJ,,W 26-10,8,270,1
1964,4,1964-10-04,Jim Fraser,DEN,BOS,,L 10-39,8,302,1
1964,5,1964-10-10,Mike Mercer,OAK,NYJ,@,L 13-35,4,124,1
1964,5,1964-10-11,Jim Norton,HOU,BUF,,L 17-48,10,395,1
1964,11,1964-11-22,Billy Lothridge,DAL,WAS,@,L 16-28,7,232,1
1964,12,1964-11-29,Sam Baker,PHI,CLE,@,L 24-38,2,32,1
1964,14,1964-12-13,Curley Johnson,NYJ,HOU,@,L 17-33,2,29,1
1964,14,1964-12-13,Jim Norton,HOU,NYJ,,W 33-17,3,73,1
1964,15,1964-12-20,Curley Johnson,NYJ,KAN,@,L 7-24,7,227,1
1965,3,1965-10-03,Billy Lothridge,RAM,MIN,,L 35-38,2,36,1
1965,6,1965-10-17,Eddie Wilson,BOS,SDG,,T 13-13,6,194,1
1965,6,1965-10-24,Jackie Smith,STL,WAS,,L 20-24,3,74,1
1965,7,1965-10-24,Jim Norton,HOU,KAN,,W 38-36,7,288,1
1965,7,1965-10-31,Frank Lambert,PIT,DAL,,W 22-13,9,340,1
1965,9,1965-11-07,Tom Yewcic,BOS,BUF,,L 7-23,6,185,1
1965,12,1965-11-28,Jerrel Wilson,KAN,HOU,,W 52-21,3,113,1
1965,14,1965-12-19,John Seedborg,WAS,PIT,,W 35-14,7,247,1
1965,15,1965-12-18,Tom Yewcic,BOS,HOU,,W 42-14,2,51,1
1966,3,1966-09-18,Mike Eischeid,OAK,KAN,,L 10-32,7,245,1
1966,4,1966-09-25,Jim Fraser,BOS,KAN,,L 24-43,6,214,1
1966,5,1966-10-02,Jim Fraser,BOS,NYJ,,T 24-24,11,392,1
1966,10,1966-11-06,Bob Scarpitto,DEN,BOS,@,W 17-10,4,108,1
1966,10,1966-11-06,Wahoo McDaniel,MIA,BUF,,L 0-29,7,222,1
1966,10,1966-11-13,Jackie Smith,STL,PIT,@,L 9-30,2,24,1
1966,12,1966-11-20,Jerrel Wilson,KAN,BOS,,T 27-27,2,63,1
1966,12,1966-11-20,Tom Yewcic,BOS,KAN,@,T 27-27,4,125,1
1966,14,1966-12-11,Danny Villanueva,DAL,WAS,,L 31-34,8,217,1
1967,6,1967-10-07,Mike Eischeid,OAK,NYJ,@,L 14-27,7,299,1
1967,7,1967-10-29,Gary Collins,CLE,NYG,@,L 34-38,2,52,1
1967,8,1967-11-05,Steve Spurrier,SFO,RAM,,L 7-17,6,178,1
1967,9,1967-10-29,Jim Norton,HOU,BUF,,W 10-3,4,130,1
1967,9,1967-11-12,Jon Kilgore,RAM,PHI,,W 33-17,5,181,1
1967,11,1967-11-12,Bob Scarpitto,DEN,HOU,,L 18-20,10,393,1
1967,11,1967-11-26,Jim Elliott,PIT,MIN,,L 27-41,7,244,1
1967,13,1967-12-09,Donny Anderson,GNB,RAM,@,L 24-27,6,170,1
1967,13,1967-12-10,Earl Morrall,NYG,DET,,L 7-30,7,185,1
1967,13,1967-12-10,Gary Collins,CLE,STL,@,W 20-16,7,230,1
1967,13,1967-12-10,Jim Elliott,PIT,WAS,,L 10-15,7,216,1
1967,16,1967-12-17,Larry Seiple,MIA,BOS,,W 41-32,5,182,1
1967,16,1967-12-17,Jerrel Wilson,KAN,DEN,@,W 38-24,3,115,1
1968,2,1968-09-22,Mike Bragg,WAS,NOR,@,L 17-37,6,233,1
1968,3,1968-09-22,Paul Maguire,BUF,CIN,@,L 23-34,6,234,1
1968,4,1968-09-29,Bob Scarpitto,BOS,DEN,@,W 20-17,9,347,1
1968,5,1968-10-06,Bob Scarpitto,BOS,OAK,@,L 10-41,10,436,1
1968,5,1968-10-13,Tom McNeill,NOR,MIN,,W 20-17,5,174,1
1968,7,1968-10-20,Jim Norton,HOU,NYJ,,L 14-20,9,358,1
1968,7,1968-10-27,Bobby Joe Green,CHI,MIN,,W 26-24,1,0,1
1968,7,1968-10-27,David Lee,BAL,RAM,,W 27-10,6,210,1
1968,7,1968-10-27,Willie Williams,NYG,WAS,@,W 13-10,5,143,1
1968,8,1968-10-27,Terry Swanson,BOS,NYJ,@,L 14-48,6,220,1
1968,8,1968-11-03,Mike Bragg,WAS,MIN,@,L 14-27,8,348,1
1968,12,1968-11-24,Joe DiVito,DEN,BUF,,W 34-32,8,242,1
1968,13,1968-11-28,Jim Norton,HOU,KAN,@,L 10-24,7,223,1
1968,13,1968-12-08,Jon Kilgore,CHI,RAM,@,W 17-16,7,192,2
1968,14,1968-12-08,Curley Johnson,NYJ,CIN,,W 27-14,5,160,1
1968,15,1968-12-15,Terry Swanson,BOS,HOU,@,L 17-45,7,266,1
1969,3,1969-10-05,Bobby Joe Green,CHI,NYG,@,L 24-28,2,78,1
1969,5,1969-10-12,Dale Livingston,CIN,NYJ,,L 7-21,5,180,1
1969,5,1969-10-12,Gus Hollomon,DEN,OAK,,L 14-24,6,210,1
1969,7,1969-11-02,Mike Bragg,WAS,BAL,@,L 17-41,3,88,1
1969,7,1969-11-02,Curley Johnson,NYG,PHI,,L 20-23,7,240,1
1969,8,1969-11-02,Larry Seiple,MIA,NYJ,@,L 31-34,5,176,1
1969,9,1969-11-16,Curley Johnson,NYG,NOR,,L 24-25,2,42,1
1969,10,1969-11-16,Horst Muhlmann,CIN,BOS,,L 14-25,2,38,1
1969,10,1969-11-23,King Hill,STL,PHI,,L 30-34,4,104,1
1969,11,1969-11-27,Lem Barney,DET,MIN,,L 0-27,10,333,1
1969,11,1969-11-30,Mike Bragg,WAS,RAM,,L 13-24,8,317,1
1969,12,1969-11-30,Larry Seiple,MIA,BOS,,L 23-38,6,169,1
1969,12,1969-11-30,Paul Maguire,BUF,CIN,,W 16-13,7,233,1
1969,12,1969-12-07,Ollie Cordill,NOR,ATL,@,L 17-45,5,162,1
1969,13,1969-12-14,Don Cockroft,CLE,STL,@,W 27-21,7,220,1
1970,2,1970-09-27,Julian Fagan,NOR,MIN,@,L 0-26,8,340,1
1970,3,1970-10-04,Bill Johnson,NYG,NOR,@,L 10-14,2,38,1
1970,3,1970-10-04,Paul Maguire,BUF,NYJ,,W 34-31,5,148,1
1970,3,1970-10-04,Dennis Partee,SDG,RAM,@,L 10-37,6,234,1
1970,5,1970-10-18,Ron Widby,DAL,MIN,@,L 13-54,4,109,1
1970,7,1970-11-01,Julian Fagan,NOR,RAM,,L 17-30,7,262,1
1970,8,1970-11-08,Mike Bragg,WAS,MIN,,L 10-19,2,41,1
1970,9,1970-11-15,Herman Weaver,DET,MIN,@,L 20-24,3,84,1
1970,9,1970-11-15,Spike Jones,HOU,SFO,,L 20-30,7,293,1
1970,11,1970-11-26,Mike Eischeid,OAK,DET,@,L 14-28,6,186,1
1970,12,1970-12-06,David Lee,BAL,PHI,,W 29-10,3,92,1
1970,13,1970-12-12,Don Cockroft,CLE,DAL,,L 2-6,5,160,1
1970,14,1970-12-19,Steve O'Neal,NYJ,BAL,@,L 20-35,8,299,1
1970,14,1970-12-20,Tom Janik,BOS,CIN,@,L 7-45,7,251,1
1970,14,1970-12-20,Terry Bradshaw,PIT,PHI,@,L 20-30,3,52,1
1971,2,1971-09-26,Don Cockroft,CLE,BAL,@,W 14-13,5,166,1
1971,3,1971-10-03,Herman Weaver,DET,ATL,,W 41-38,3,52,1
1971,4,1971-10-10,Chuck Latourette,STL,ATL,@,W 26-9,6,225,1
1971,6,1971-10-24,Larry Seiple,MIA,NYJ,@,W 30-14,5,152,1
1971,7,1971-10-31,Billy Lothridge,ATL,CLE,@,W 31-14,4,132,1
1971,7,1971-10-31,Billy Van Heusen,DEN,PHI,@,L 16-17,4,141,1
1971,8,1971-11-07,Don Cockroft,CLE,PIT,@,L 9-26,7,233,1
1971,9,1971-11-14,Tom McNeill,PHI,DAL,@,L 7-20,5,208,1
1971,9,1971-11-14,Spike Jones,BUF,NWE,@,L 33-38,9,318,1
1971,11,1971-11-25,Jerrel Wilson,KAN,DET,@,L 21-32,2,50,1
1971,11,1971-11-28,Jim McCann,SFO,NYJ,@,W 24-21,5,153,1
1971,12,1971-12-04,Ron Widby,DAL,NYJ,,W 52-10,2,46,1
1971,12,1971-12-05,Mike Bragg,WAS,NYG,,W 23-7,4,115,1
1971,13,1971-12-11,Herman Weaver,DET,MIN,@,L 10-29,5,144,1
1971,15,1971-12-26,Steve Spurrier,SFO,WAS,,W 24-20,10,337,1
1972,1,1972-09-17,Jerry DePoyster,OAK,PIT,@,L 28-34,7,223,1
1972,1,1972-09-18,Mike Eischeid,MIN,WAS,,L 21-24,4,123,1
1972,2,1972-09-24,Billy Van Heusen,DEN,SDG,@,L 14-37,5,118,1
1972,3,1972-10-01,Jim McCann,SFO,NOR,@,W 37-2,5,188,1
1972,3,1972-10-01,Bobby Walden,PIT,STL,@,W 25-19,4,150,1
1972,3,1972-10-01,Pat Studstill,NWE,WAS,,W 24-23,4,110,1
1972,4,1972-10-09,Jerry DePoyster,OAK,HOU,@,W 34-0,5,144,1
1972,5,1972-10-15,Bobby Walden,PIT,HOU,,W 24-7,7,275,1
1972,6,1972-10-22,Tom Blanchard,NYG,STL,,W 27-21,3,78,1
1972,7,1972-10-29,David Lee,BAL,MIA,,L 0-23,5,156,1
1972,7,1972-10-29,Julian Fagan,NOR,PHI,,W 21-3,5,138,1
1972,8,1972-11-05,Spike Jones,BUF,MIA,,L 16-30,5,144,1
1972,8,1972-11-05,Steve O'Neal,NYJ,WAS,,L 17-35,7,272,1
1972,11,1972-11-26,Dan Pastorini,HOU,SDG,@,L 20-34,5,143,1
1972,13,1972-12-10,Jerrel Wilson,KAN,BAL,,W 24-10,4,127,1
1972,14,1972-12-17,Jerry DePoyster,OAK,CHI,,W 28-21,2,40,1
1972,14,1972-12-17,Ron Widby,GNB,NOR,@,W 30-20,3,44,2
1972,15,1972-12-24,Don Cockroft,CLE,MIA,@,L 14-20,6,208,1
1973,1,1973-09-16,Don Cockroft,CLE,BAL,,W 24-14,7,238,1
1973,3,1973-09-30,Julian Fagan,NYJ,BUF,@,L 7-9,8,301,1
1973,4,1973-10-07,Dave Chapple,RAM,HOU,@,W 31-26,4,127,1
1973,4,1973-10-07,Dennis Partee,SDG,PIT,@,L 21-38,5,201,1
1973,5,1973-10-14,Julian Fagan,NYJ,NWE,@,W 9-7,6,213,1
1973,5,1973-10-14,Jim McCann,NYG,WAS,,L 3-21,6,167,1
1973,6,1973-10-21,Jim McCann,NYG,DAL,@,L 28-45,6,127,2
1973,9,1973-11-11,Gary Keithley,STL,GNB,@,L 21-25,3,61,1
1973,9,1973-11-11,David Lee,BAL,MIA,@,L 0-44,11,386,2
1973,10,1973-11-18,Jerrel Wilson,KAN,HOU,,W 38-14,6,248,1
1973,10,1973-11-18,Tom Blanchard,NYG,STL,,W 24-13,6,225,1
1973,11,1973-11-22,Herman Weaver,DET,WAS,,L 0-20,7,241,1
1973,11,1973-11-25,Dennis Partee,SDG,OAK,@,L 3-31,6,218,1
1973,13,1973-12-09,Dennis Partee,SDG,DEN,,L 28-42,6,206,1
1973,14,1973-12-15,Bobby Walden,PIT,SFO,@,W 37-14,9,374,1
1973,15,1973-12-22,Mike Eischeid,MIN,WAS,,W 27-20,6,191,1
1974,1,1974-09-15,Bob Parsons,CHI,DET,,W 17-9,8,264,1
1974,2,1974-09-22,Mike Eischeid,MIN,DET,@,W 7-6,7,228,1
1974,3,1974-09-29,Herman Weaver,DET,GNB,@,L 19-21,7,209,1
1974,4,1974-10-06,Dave Chapple,RAM,DET,,W 16-13,5,147,1
1974,6,1974-10-20,Jerrel Wilson,KAN,MIA,@,L 3-9,5,130,1
1974,6,1974-10-20,David Lee,BAL,NYJ,@,W 35-20,3,70,1
1974,6,1974-10-20,Dave Jennings,NYG,WAS,@,L 3-24,4,102,1
1974,9,1974-11-10,John James,ATL,RAM,@,L 0-21,9,348,1
1974,9,1974-11-10,Merritt Kersey,PHI,WAS,,L 20-27,9,297,1
1974,10,1974-11-17,Mike Bragg,WAS,DAL,,W 28-21,9,315,1
1974,10,1974-11-17,Dave Jennings,NYG,DET,@,L 19-20,3,73,1
1974,12,1974-12-01,Jerrel Wilson,KAN,STL,@,W 17-13,8,340,1
1974,13,1974-12-08,Tom Wittum,SFO,GNB,,W 7-6,5,133,1
1974,13,1974-12-08,Billy Van Heusen,DEN,HOU,,W 37-14,4,115,1
1974,13,1974-12-08,Merritt Kersey,PHI,NYG,@,W 20-7,3,42,1
1974,14,1974-12-15,Herman Weaver,DET,PHI,@,L 17-28,5,171,1
1974,17,1975-01-12,Bobby Walden,PIT,MIN,N,W 16-6,7,243,1
1975,1,1975-09-21,Steve Broussard,GNB,DET,,L 16-30,9,177,3
1975,1,1975-09-21,Herman Weaver,DET,GNB,@,W 30-16,5,121,1
1975,1,1975-09-21,Neil Clabo,MIN,SFO,,W 27-17,5,188,1
1975,1,1975-09-21,Tom Blanchard,NOR,WAS,@,L 3-41,8,295,1
1975,2,1975-09-28,Marv Bateman,BUF,PIT,@,W 30-21,8,275,1
1975,2,1975-09-28,Tom Wittum,SFO,RAM,,L 14-23,6,229,1
1975,3,1975-10-05,David Lee,BAL,RAM,@,L 13-24,7,252,1
1975,3,1975-10-06,Mitch Hoopes,DAL,DET,@,W 36-10,5,163,1
1975,4,1975-10-12,Marv Bateman,BUF,BAL,@,W 38-31,2,46,1
1975,4,1975-10-12,Bobby Walden,PIT,DEN,,W 20-9,7,225,1
1975,4,1975-10-12,Greg Gantt,NYJ,MIN,@,L 21-29,4,149,1
1975,4,1975-10-12,Neil Clabo,MIN,NYJ,,W 29-21,2,36,1
1975,4,1975-10-12,John James,ATL,SFO,@,W 17-3,8,307,1
1975,5,1975-10-19,Tom Blanchard,NOR,SFO,@,L 21-35,6,206,1
1975,6,1975-10-25,Jeff West,STL,NYG,@,W 20-13,9,344,1
1975,6,1975-10-26,Tom Wittum,SFO,NWE,@,L 16-24,5,171,1
1975,7,1975-11-02,Don Cockroft,CLE,BAL,@,L 7-21,8,282,1
1975,8,1975-11-09,Tom Wittum,SFO,RAM,@,W 24-23,5,176,1
1975,9,1975-11-16,Greg Gantt,NYJ,BAL,@,L 19-52,5,151,1
1975,10,1975-11-23,Jerrel Wilson,KAN,DET,,W 24-21 (OT),4,79,1
1975,11,1975-11-30,Dave Green,CIN,HOU,,W 23-19,6,174,1
1975,13,1975-12-14,Jim McCann,KAN,CLE,@,L 14-40,6,175,1
1975,13,1975-12-14,Tom Blanchard,NOR,NYG,@,L 14-28,8,278,1
1975,13,1975-12-15,Dennis Partee,SDG,NYJ,,W 24-16,2,31,1
1975,14,1975-12-21,Greg Gantt,NYJ,DAL,,L 21-31,8,229,1
1975,17,1976-01-18,Mitch Hoopes,DAL,PIT,N,L 17-21,7,245,1
1976,1,1976-09-12,Bob Parsons,CHI,DET,,W 10-3,9,331,1
1976,1,1976-09-12,Mitch Hoopes,SDG,KAN,@,W 30-16,3,139,1
1976,2,1976-09-19,Tom Wittum,SFO,CHI,,L 12-19,8,318,1
1976,2,1976-09-19,Don Cockroft,CLE,PIT,@,L 14-31,7,293,1
1976,3,1976-09-26,Don Cockroft,CLE,DEN,@,L 13-44,6,239,1
1976,3,1976-09-26,Rick Engles,SEA,SFO,,L 21-37,3,119,1
1976,4,1976-10-03,Mitch Hoopes,SDG,DEN,@,L 0-26,6,264,1
1976,5,1976-10-10,Dave Jennings,NYG,DAL,,L 14-24,4,181,1
1976,5,1976-10-10,Danny White,DAL,NYG,@,W 24-14,4,146,1
1976,5,1976-10-10,David Beverly,GNB,SEA,,W 27-20,4,133,1
1976,6,1976-10-17,Rusty Jackson,RAM,CHI,,W 20-12,5,164,1
1976,6,1976-10-17,Terry Joyce,STL,DAL,,W 21-17,4,152,1
1976,6,1976-10-17,Dave Jennings,NYG,MIN,@,L 7-24,5,229,1
1976,8,1976-10-31,Marv Bateman,BUF,NYJ,,L 14-19,7,299,1
1976,9,1976-11-07,Rick Engles,SEA,ATL,,W 30-13,7,280,1
1976,9,1976-11-07,Danny White,DAL,NYG,,W 9-3,3,109,1
1976,10,1976-11-14,Rusty Jackson,RAM,STL,,L 28-30,4,176,1
1976,11,1976-11-21,Dave Jennings,NYG,DEN,@,L 13-14,5,208,1
1976,11,1976-11-21,Billy Van Heusen,DEN,NYG,,W 14-13,6,239,1
1976,11,1976-11-21,Spike Jones,PHI,OAK,,L 7-26,6,226,2
1976,11,1976-11-21,Skip Butler,HOU,PIT,@,L 16-32,6,194,1
1976,12,1976-11-25,Terry Joyce,STL,DAL,@,L 14-19,4,163,1
1976,13,1976-12-05,Spike Jones,PHI,DAL,,L 7-26,9,307,1
1976,13,1976-12-05,Jerrel Wilson,KAN,DEN,@,L 16-17,6,278,1
1976,13,1976-12-05,Don Cockroft,CLE,HOU,,W 13-10,4,146,1
1976,13,1976-12-05,Herman Weaver,DET,NYG,@,L 10-24,4,141,1
1976,14,1976-12-12,Tom Wittum,SFO,NOR,@,W 27-7,7,296,1
1976,15,1976-12-19,Rusty Jackson,RAM,DAL,@,W 14-12,7,253,2
1976,16,1976-12-26,Rusty Jackson,RAM,MIN,@,L 13-24,6,206,1
1976,17,1977-01-09,Ray Guy,OAK,MIN,N,W 32-14,4,162,1
1977,1,1977-09-18,Rick Engles,SEA,BAL,,L 14-29,4,137,1
1977,1,1977-09-18,Mitch Hoopes,DET,CHI,@,L 20-30,6,235,1
1977,1,1977-09-18,Jeff West,SDG,OAK,@,L 0-24,7,262,1
1977,1,1977-09-18,David Lee,BAL,SEA,@,W 29-14,4,143,1
1977,2,1977-09-25,Tom Wittum,SFO,MIA,,L 15-19,3,133,1
1977,2,1977-09-25,Wilbur Summers,DET,NOR,,W 23-19,4,134,1
1977,2,1977-09-25,Larry Seiple,MIA,SFO,@,W 19-15,3,115,1
1977,3,1977-10-02,Cliff Parsley,HOU,MIA,@,L 7-27,5,223,1
1977,3,1977-10-02,Tom Wittum,SFO,RAM,@,L 14-34,6,226,1
1977,4,1977-10-09,Terry Joyce,STL,DAL,,L 24-30,6,204,1
1977,5,1977-10-16,Marv Bateman,BUF,ATL,,W 3-0,7,254,1
1977,5,1977-10-16,Jerrel Wilson,KAN,BAL,,L 6-17,5,189,1
1977,5,1977-10-16,Tom Wittum,SFO,NYG,@,L 17-20,3,97,1
1977,5,1977-10-16,Danny White,DAL,WAS,,W 34-16,4,154,1
1977,5,1977-10-17,Bobby Walden,PIT,CIN,,W 20-14,5,197,1
1977,6,1977-10-23,Bob Parsons,CHI,ATL,,L 10-16,7,289,1
1977,6,1977-10-23,Mike Patrick,NWE,BAL,,W 17-3,4,135,1
1977,6,1977-10-23,Spike Jones,PHI,DAL,,L 10-16,7,212,1
1977,6,1977-10-23,Dave Green,TAM,GNB,,L 0-13,8,310,1
1977,6,1977-10-23,Tom Blanchard,NOR,STL,@,L 31-49,2,97,1
1977,7,1977-10-30,Cliff Parsley,HOU,CIN,@,L 10-13 (OT),6,249,1
1977,8,1977-11-06,Mike Patrick,NWE,BUF,,L 14-24,5,225,1
1977,8,1977-11-06,Herman Weaver,SEA,OAK,@,L 7-44,5,186,1
1977,9,1977-11-13,Spike Jones,PHI,WAS,,L 14-17,7,244,1
1977,10,1977-11-20,Tom Blanchard,NOR,ATL,,W 21-20,5,235,1
1977,10,1977-11-20,Bob Parsons,CHI,MIN,,W 10-7,4,156,1
1977,12,1977-12-04,Mike Patrick,NWE,ATL,@,W 16-10,3,111,1
1977,12,1977-12-04,David Beverly,GNB,DET,,W 10-9,5,182,1
1977,13,1977-12-11,David Lee,BAL,DET,,L 10-13,5,205,1
1977,13,1977-12-11,Marv Bateman,BUF,NYJ,@,W 14-10,7,244,1
1977,14,1977-12-18,Pat McInally,CIN,HOU,@,L 16-21,5,238,1
1977,15,1977-12-24,Rick Engles,PIT,DEN,@,L 21-34,5,204,1
1977,15,1977-12-24,David Lee,BAL,OAK,,L 31-37 (2OT),12,438,1
1978,1,1978-09-03,Cliff Parsley,HOU,ATL,@,L 14-20,9,334,1
1978,1,1978-09-03,Zenon Andrusyshyn,KAN,CIN,@,W 24-23,5,181,1
1978,1,1978-09-03,Rick Engles,PHI,RAM,,L 14-16,8,294,1
1978,2,1978-09-11,Mike Wood,MIN,DEN,,W 12-9 (OT),5,182,1
1978,4,1978-09-24,Dave Green,TAM,ATL,,W 14-9,9,389,1
1978,4,1978-09-24,Rusty Jackson,BUF,BAL,,W 24-17,7,279,1
1978,4,1978-09-24,Jeff West,SDG,GNB,,L 3-24,2,85,1
1978,4,1978-09-24,Danny White,DAL,STL,,W 21-12,5,226,1
1978,4,1978-09-25,Mike Wood,MIN,CHI,@,W 24-20,2,80,1
1978,5,1978-10-01,Dave Green,TAM,MIN,,L 7-24,4,169,1
1978,5,1978-10-01,Glen Walker,RAM,NOR,@,W 26-20,2,80,1
1978,5,1978-10-01,Tom Blanchard,NOR,RAM,,L 20-26,4,201,1
1978,6,1978-10-08,Steve Little,STL,BAL,,L 17-30,6,197,1
1978,6,1978-10-08,Rusty Jackson,BUF,NYJ,@,L 14-45,4,145,1
1978,6,1978-10-08,Tom Skladany,DET,WAS,,L 19-21,5,241,1
1978,7,1978-10-15,Jeff West,SDG,MIA,,L 21-28,3,123,1
1978,8,1978-10-22,Mike Connell,SFO,ATL,,L 17-20,6,220,1
1978,9,1978-10-29,David Lee,BAL,MIA,@,L 8-26,5,212,1
1978,9,1978-10-29,Tom Blanchard,NOR,NYG,,W 28-17,6,208,1
1978,9,1978-10-30,Glen Walker,RAM,ATL,@,L 7-15,4,156,1
1978,11,1978-11-12,Greg Coleman,MIN,CHI,,W 17-14,5,178,1
1978,12,1978-11-19,John James,ATL,CHI,@,L 7-13,4,118,1
1978,13,1978-11-26,Ray Guy,OAK,SEA,,L 16-17,5,199,1
1978,14,1978-12-03,Ray Guy,OAK,DEN,,L 6-21,2,81,1
1978,15,1978-12-10,Mike Bragg,WAS,ATL,@,L 17-20,9,295,1
1978,16,1978-12-17,David Lee,BAL,BUF,,L 14-21,4,145,1
1978,18,1978-12-31,Glen Walker,RAM,MIN,,W 34-10,3,124,1
1979,1,1979-09-02,Max Runager,PHI,NYG,,W 23-17,6,208,1
1979,1,1979-09-02,Johnny Evans,CLE,NYJ,@,W 25-22 (OT),2,86,1
1979,1,1979-09-02,Ken Clark,RAM,OAK,,L 17-24,4,124,1
1979,2,1979-09-09,Pat McInally,CIN,BUF,@,L 24-51,7,274,1
1979,2,1979-09-09,Ray Guy,OAK,SDG,@,L 10-30,5,214,1
1979,3,1979-09-16,Johnny Evans,CLE,BAL,,W 13-10,5,215,1
1979,5,1979-09-30,Herman Weaver,SEA,KAN,,L 6-24,3,102,2
1979,5,1979-09-30,George Roberts,MIA,NYJ,@,L 27-33,5,195,1
1979,8,1979-10-21,Dan Melville,SFO,ATL,,W 20-15,4,148,1
1979,11,1979-11-11,Eddie Hare,NWE,DEN,@,L 10-45,8,327,1
1979,11,1979-11-11,John James,ATL,NYG,@,L 3-24,8,276,1
1979,11,1979-11-11,Bob Parsons,CHI,RAM,,W 27-23,7,256,1
1979,11,1979-11-11,Pat McInally,CIN,SDG,,L 24-26,7,236,1
1979,12,1979-11-18,Herman Weaver,SEA,NOR,,W 38-24,2,63,1
1979,12,1979-11-18,Bucky Dilts,BAL,NWE,@,L 21-50,4,136,1
1979,13,1979-11-25,Tom Blanchard,TAM,MIN,,L 22-23,4,157,1
1979,14,1979-12-02,Tom Blanchard,TAM,CHI,,L 0-14,6,231,1
1979,14,1979-12-02,Bucky Dilts,BAL,NYJ,@,L 17-30,6,215,1
1979,14,1979-12-02,Greg Coleman,MIN,RAM,@,L 21-27 (OT),6,271,1
1979,14,1979-12-02,Bob Grupp,KAN,SEA,,W 37-21,3,116,1
1979,15,1979-12-09,Steve Little,STL,NYG,,W 29-20,3,129,1
1979,16,1979-12-16,Steve Little,STL,CHI,@,L 6-42,8,243,1
1979,16,1979-12-16,Ken Clark,RAM,NOR,,L 14-29,4,169,1
1980,1,1980-09-07,Herman Weaver,SEA,SDG,,L 13-34,6,242,1
1980,2,1980-09-14,Pat McInally,CIN,MIA,@,L 16-17,7,263,1
1980,3,1980-09-21,Frank Corral,RAM,GNB,,W 51-21,5,251,1
1980,4,1980-09-28,George Roberts,MIA,NOR,,W 21-16,5,215,1
1980,5,1980-10-05,Tom Skladany,DET,ATL,@,L 28-43,5,213,1
1980,5,1980-10-05,Rick Partridge,SDG,BUF,,L 24-26,4,179,1
1980,5,1980-10-05,Larry Swider,STL,NOR,@,W 40-7,1,31,1
1980,5,1980-10-05,Bob Grupp,KAN,OAK,@,W 31-17,9,325,1
1980,5,1980-10-05,Greg Cater,BUF,SDG,@,W 26-24,5,199,1
1980,7,1980-10-19,Chuck Ramsey,NYJ,SEA,,L 17-27,3,147,1
1980,9,1980-11-02,Mike Bragg,BAL,KAN,@,W 31-24,5,228,1
1980,9,1980-11-02,Pat McInally,CIN,SDG,,L 14-31,6,225,1
1980,9,1980-11-02,Max Runager,PHI,SEA,@,W 27-20,2,74,1
1980,10,1980-11-09,Tom Blanchard,TAM,PIT,,L 21-24,6,248,1
1980,10,1980-11-09,George Roberts,MIA,RAM,@,W 35-14,3,129,1
1980,11,1980-11-17,Herman Weaver,SEA,OAK,,L 17-19,4,182,1
1980,16,1980-12-21,Mike Bragg,BAL,KAN,,L 28-38,5,195,1
1980,18,1981-01-03,Rick Partridge,SDG,BUF,,W 20-14,3,111,1
1981,4,1981-09-27,Ray Stachowicz,GNB,MIN,,L 13-30,3,128,1
1981,6,1981-10-11,Pat McInally,CIN,BAL,@,W 41-19,3,118,1
1981,7,1981-10-18,Larry Swider,TAM,OAK,@,L 16-18,6,256,1
1981,8,1981-10-25,Steve Cox,CLE,BAL,,W 42-28,2,93,1
1981,8,1981-10-25,John James,ATL,NYG,,L 24-27 (OT),8,328,1
1981,11,1981-11-15,Larry Swider,TAM,DEN,,L 7-24,6,262,1
1981,14,1981-12-03,Steve Cox,CLE,HOU,@,L 13-17,1,34,1
1981,16,1981-12-20,Ray Stachowicz,GNB,NYJ,@,L 3-28,8,308,1
1981,16,1981-12-21,George Roberts,SDG,OAK,,W 23-10,4,127,1
1982,1,1982-09-12,Maury Buford,SDG,DEN,@,W 23-3,3,137,1
1982,2,1982-09-19,Maury Buford,SDG,KAN,@,L 12-19,4,159,1
1982,2,1982-09-19,Larry Swider,TAM,WAS,,L 13-21,5,190,1
1982,11,1982-11-21,Jeff Hayes,WAS,NYG,@,W 27-17,4,164,1
1982,14,1982-12-12,John Misko,RAM,DEN,,L 24-27,6,285,1
1982,16,1982-12-26,Jim Miller,SFO,KAN,@,W 26-13,1,49,1
1982,17,1983-01-02,Chuck Ramsey,NYJ,KAN,@,L 13-37,3,108,1
1982,17,1983-01-02,Steve Cox,CLE,PIT,@,L 21-37,6,215,1
1982,18,1983-01-09,Greg Coleman,MIN,ATL,,W 30-24,4,160,1
1982,20,1983-01-23,Chuck Ramsey,NYJ,MIA,@,L 0-14,9,357,1
1983,1,1983-09-03,Tom Orosz,SFO,PHI,,L 17-22,3,118,1
1983,4,1983-09-25,Mike Black,DET,MIN,@,L 17-20,4,188,1
1983,7,1983-10-16,Chuck Ramsey,NYJ,MIA,,L 14-32,5,199,1
1983,7,1983-10-16,John James,HOU,MIN,@,L 14-34,4,179,1
1983,7,1983-10-16,Reggie Roby,MIA,NYJ,@,W 32-14,6,257,1
1983,7,1983-10-17,Bucky Scribner,GNB,WAS,,W 48-47,1,42,1
1983,10,1983-11-06,John Misko,RAM,CHI,,W 21-14,6,223,1
1983,10,1983-11-06,Frank Garcia,TAM,MIN,@,W 17-12,8,387,1
1983,11,1983-11-13,Danny White,DAL,SDG,@,L 23-24,5,212,1
1983,12,1983-11-20,Ralph Giacomarro,ATL,SFO,,W 28-24,3,117,1
1983,13,1983-11-27,Dave Jennings,NYG,RAI,@,L 12-27,6,272,1
1983,15,1983-12-11,Pat McInally,CIN,DET,,W 17-9,5,220,2
1983,15,1983-12-11,Ray Stachowicz,CHI,MIN,@,W 19-13,4,166,2
1983,20,1984-01-22,Jeff Hayes,WAS,RAI,N,L 9-38,7,259,1
1984,1,1984-09-03,Steve Cox,CLE,SEA,@,L 0-33,7,273,1
1984,4,1984-09-23,Dave Finzer,CHI,SEA,@,L 9-38,6,255,1
1984,5,1984-09-30,Max Runager,SFO,ATL,,W 14-5,5,219,1
1984,5,1984-09-30,Dave Jennings,NYG,RAM,@,L 12-33,6,264,2
1984,7,1984-10-14,John Kidd,BUF,SEA,@,L 28-31,2,69,2
1984,7,1984-10-14,Dave Finzer,CHI,STL,@,L 21-38,3,137,1
1984,8,1984-10-21,Brian Hansen,NOR,DAL,@,L 27-30 (OT),3,136,1
1984,11,1984-11-11,Jeff Hayes,WAS,DET,,W 28-14,7,250,1
1984,14,1984-12-02,Steve Cox,CLE,CIN,,L 17-20 (OT),4,193,1
1984,14,1984-12-02,Dave Jennings,NYG,NYJ,@,W 20-10,4,149,1
1984,14,1984-12-02,Ralph Giacomarro,ATL,SFO,,L 17-35,4,163,1
1984,15,1984-12-08,Chuck Ramsey,NYJ,BUF,,W 21-17,5,206,1
1984,16,1984-12-16,Ralph Giacomarro,ATL,PHI,,W 26-10,2,79,1
1984,16,1984-12-16,Carl Birdsong,STL,WAS,@,L 27-29,4,145,1
1984,18,1984-12-30,Craig Colquitt,PIT,DEN,@,W 24-17,2,85,1
1985,1,1985-09-08,Frank Garcia,TAM,CHI,@,L 28-38,5,221,1
1985,2,1985-09-15,Frank Garcia,TAM,MIN,,L 16-31,1,40,1
1985,2,1985-09-15,Dale Hatcher,RAM,PHI,@,W 17-6,6,221,1
1985,4,1985-09-29,Mike Saxon,DAL,HOU,@,W 17-10,6,266,1
1985,7,1985-10-20,Rohn Stark,IND,BUF,@,L 9-21,7,344,1
1985,8,1985-10-27,Jim Arnold,KAN,DEN,,L 10-30,3,125,2
1985,8,1985-10-27,Carl Birdsong,STL,HOU,,L 10-20,5,177,1
1985,10,1985-11-11,Chris Norman,DEN,SFO,,W 17-16,6,223,1
1985,11,1985-11-17,Carl Birdsong,STL,PHI,,L 14-24,5,177,1
1985,12,1985-11-24,Harry Newsome,PIT,WAS,,L 23-30,3,123,1
1985,12,1985-11-25,Max Runager,SFO,SEA,,W 19-6,6,225,1
1985,13,1985-12-02,Maury Buford,CHI,MIA,@,L 24-38,2,87,1
1985,14,1985-12-08,Pat McInally,CIN,DAL,,W 50-24,2,78,1
1985,16,1985-12-20,Chris Norman,DEN,SEA,@,W 27-24,4,136,1
1985,16,1985-12-22,Rohn Stark,IND,HOU,,W 34-16,6,276,1
1985,18,1986-01-05,Rich Camarillo,NWE,RAI,@,W 27-20,5,225,1
1986,1,1986-09-07,Jeff Hayes,CIN,KAN,@,L 14-24,7,223,1
1986,1,1986-09-07,Harry Newsome,PIT,SEA,@,L 0-30,8,382,1
1986,3,1986-09-18,Jeff Hayes,CIN,CLE,@,W 30-13,1,27,1
1986,3,1986-09-21,Rich Camarillo,NWE,SEA,,L 31-38,6,260,2
1986,4,1986-09-28,Don Bracken,GNB,MIN,@,L 7-42,3,103,1
1986,5,1986-10-05,Mike Black,DET,HOU,,W 24-13,6,253,1
1986,7,1986-10-19,Harry Newsome,PIT,NWE,,L 0-34,7,297,1
1986,8,1986-10-26,Wade Wilson,MIN,CLE,,L 20-23,2,76,1
1986,9,1986-11-02,Greg Cater,STL,PHI,,W 13-10,6,212,1
1986,11,1986-11-16,Ralf Mojsiejenko,SDG,DAL,,L 21-24,4,168,1
1986,11,1986-11-16,Chris Norman,DEN,KAN,,W 38-17,8,300,1
1986,11,1986-11-16,Dale Hatcher,RAM,NWE,,L 28-30,7,229,1
1986,12,1986-11-20,Ralf Mojsiejenko,SDG,RAI,,L 31-37 (OT),2,72,1
1986,12,1986-11-23,Rich Camarillo,NWE,BUF,,W 22-19,9,345,1
1986,12,1986-11-23,Don Bracken,GNB,CHI,@,L 10-12,7,267,1
1986,12,1986-11-23,Maury Buford,CHI,GNB,,W 12-10,5,169,1
1986,12,1986-11-23,John Teltschik,PHI,SEA,@,L 20-24,5,211,1
1986,13,1986-11-27,Jim Arnold,DET,GNB,,L 40-44,4,168,1
1986,13,1986-11-30,Brian Hansen,NOR,NWE,,L 20-21,5,222,1
1986,14,1986-12-07,Rick Donnelly,ATL,IND,,L 23-28,3,95,1
1986,14,1986-12-07,Bill Renner,GNB,MIN,,L 6-32,2,78,1
1986,14,1986-12-07,Max Runager,SFO,NYJ,,W 24-10,4,170,2
1986,15,1986-12-14,Mike Saxon,DAL,PHI,,L 21-23,5,170,1
1986,15,1986-12-14,Bill Renner,GNB,TAM,@,W 21-7,8,334,1
1986,16,1986-12-20,Bill Renner,GNB,NYG,@,L 24-55,5,210,1
1986,16,1986-12-21,Harry Newsome,PIT,KAN,,L 19-24,3,119,1
1986,17,1986-12-28,Dave Jennings,NYJ,KAN,,W 35-15,3,116,1
1987,1,1987-09-14,Bryan Wagner,CHI,NYG,,W 34-19,4,170,1
1987,2,1987-09-20,Stan Talley,RAI,DET,,W 27-7,3,79,1
1987,2,1987-09-20,Jeff Hayes,MIA,IND,@,W 23-10,4,171,1
1987,2,1987-09-20,Greg Coleman,MIN,RAM,@,W 21-16,7,290,1
1987,4,1987-10-04,Craig Colquitt,IND,BUF,@,W 47-6,2,61,1
1987,4,1987-10-04,Guido Merkens,PHI,CHI,,L 3-35,2,61,1
1987,4,1987-10-04,Rick Partridge,BUF,IND,,L 6-47,6,193,1
1987,4,1987-10-04,Vincent Gamache,RAI,KAN,,W 35-17,1,40,1
1987,4,1987-10-04,Dale Hatcher,RAM,NOR,@,L 10-37,3,140,1
1987,4,1987-10-05,Dana Moore,NYG,SFO,,L 21-41,4,118,1
1987,5,1987-10-11,Al Herline,NWE,BUF,,W 14-7,9,311,1
1987,5,1987-10-11,Dave Jacobs,PHI,DAL,@,L 22-41,5,181,1
1987,5,1987-10-11,John Bruno,PIT,RAM,@,L 21-31,6,222,1
1987,6,1987-10-18,Kevin Brown,CHI,NOR,,L 17-19,8,330,1
1987,7,1987-10-25,Rich Camarillo,NWE,IND,@,L 16-30,4,180,1
1987,7,1987-10-25,Max Runager,SFO,NOR,@,W 24-22,5,206,1
1987,9,1987-11-08,Mike Horan,DEN,BUF,@,L 14-21,7,277,2
1987,9,1987-11-08,Rick Donnelly,ATL,CLE,@,L 3-38,6,267,1
1987,10,1987-11-15,Sean Landeta,NYG,PHI,@,W 20-17,3,151,1
1987,10,1987-11-15,Greg Cater,STL,RAM,,L 24-27,4,139,1
1987,10,1987-11-15,Don Bracken,GNB,SEA,@,L 13-24,6,246,1
1987,11,1987-11-22,Rick Donnelly,ATL,MIN,@,L 13-24,5,246,1
1987,11,1987-11-22,Rohn Stark,IND,NWE,@,L 0-24,4,174,2
1987,12,1987-11-29,John Teltschik,PHI,NWE,@,W 34-31 (OT),4,147,1
1987,14,1987-12-13,Jeff Gossett,HOU,NOR,@,L 10-24,7,261,1
1987,14,1987-12-13,Harry Newsome,PIT,SDG,@,W 20-16,6,260,1
1988,1,1988-09-05,Steve Cox,WAS,NYG,@,L 20-27,6,221,1
1988,3,1988-09-18,Don Bracken,GNB,MIA,@,L 17-24,5,168,1
1988,4,1988-09-25,Harry Newsome,PIT,BUF,@,L 28-36,2,88,2
1988,4,1988-09-25,John Teltschik,PHI,MIN,@,L 21-23,7,307,1
1988,4,1988-09-25,Bucky Scribner,MIN,PHI,,W 23-21,6,225,1
1988,4,1988-09-25,Maury Buford,NYG,RAM,,L 31-45,4,171,1
1988,5,1988-10-02,Ralf Mojsiejenko,SDG,DEN,,L 0-12,7,349,1
1988,5,1988-10-02,John Teltschik,PHI,HOU,,W 32-23,3,108,2
1988,6,1988-10-09,Brian Hansen,NOR,SDG,@,W 23-17,2,66,1
1988,7,1988-10-16,Bucky Scribner,MIN,GNB,,L 14-34,4,158,1
1988,7,1988-10-16,Harry Newsome,PIT,HOU,,L 14-34,1,60,2
1988,9,1988-10-30,Scott Fulhage,CIN,CLE,@,L 16-23,3,125,1
1988,9,1988-10-30,Harry Newsome,PIT,NYJ,@,L 20-24,4,186,1
1988,10,1988-11-07,Max Runager,CLE,HOU,@,L 17-24,5,195,1
1988,11,1988-11-13,Scott Fulhage,CIN,KAN,@,L 28-31,1,39,1
1988,12,1988-11-20,Harry Newsome,PIT,CLE,@,L 7-27,3,115,1
1988,12,1988-11-20,Maury Buford,NYG,PHI,,L 17-23 (OT),6,265,1
1988,13,1988-11-27,Max Runager,CLE,WAS,@,W 17-13,2,88,1
1988,15,1988-12-10,Greg Horne,PHO,PHI,,L 17-23,5,200,1
1988,15,1988-12-11,Barry Helton,SFO,NOR,,W 30-17,3,110,1
1988,18,1989-01-01,Greg Montgomery,HOU,BUF,@,L 10-17,5,223,1
1989,1,1989-09-10,Barry Helton,SFO,IND,@,W 30-24,3,127,1
1989,1,1989-09-10,John Kidd,BUF,MIA,@,W 27-24,4,192,1
1989,1,1989-09-10,Jeff Feagles,NWE,NYJ,@,W 27-24,2,75,1
1989,1,1989-09-10,Ruben Rodriguez,SEA,PHI,@,L 7-31,7,304,1
1989,2,1989-09-17,Greg Montgomery,HOU,SDG,@,W 34-27,2,86,1
1989,3,1989-09-24,John Kidd,BUF,HOU,@,W 47-41 (OT),2,85,1
1989,7,1989-10-22,Mike Saxon,DAL,KAN,@,L 28-36,4,176,1
1989,7,1989-10-22,Ralf Mojsiejenko,WAS,TAM,,W 32-28,3,134,1
1989,9,1989-11-05,Dale Hatcher,RAM,MIN,@,L 21-23 (OT),5,193,1
1989,9,1989-11-05,Lee Johnson,CIN,RAI,@,L 7-28,4,212,1
1989,10,1989-11-13,Lee Johnson,CIN,HOU,@,L 24-26,4,176,1
1989,11,1989-11-19,Jim Arnold,DET,CIN,@,L 7-42,8,317,1
1989,11,1989-11-19,Scott Fulhage,ATL,NOR,,L 17-26,3,116,1
1989,12,1989-11-26,Greg Montgomery,HOU,KAN,@,L 0-34,6,240,1
1989,12,1989-11-26,Chris Mohr,TAM,PHO,@,W 14-13,7,289,1
1989,14,1989-12-10,Rohn Stark,IND,CLE,,W 23-17 (OT),7,308,1
1989,14,1989-12-10,Chris Mohr,TAM,HOU,@,L 17-20,3,83,1
1989,15,1989-12-16,Mike Saxon,DAL,NYG,@,L 0-15,5,173,1
1989,15,1989-12-17,Reggie Roby,MIA,IND,@,L 13-42,3,152,1
1989,16,1989-12-24,Harry Newsome,PIT,TAM,@,W 31-22,4,152,1
1989,17,1989-12-31,Harry Newsome,PIT,HOU,@,W 26-23 (OT),5,152,1
1989,17,1989-12-31,Greg Montgomery,HOU,PIT,,L 23-26 (OT),3,132,1
1989,18,1990-01-06,Bucky Scribner,MIN,SFO,@,L 13-41,4,128,1
1990,1,1990-09-09,Rohn Stark,IND,BUF,@,L 10-26,2,71,1
1990,2,1990-09-17,Mike Horan,DEN,KAN,,W 24-23,4,181,1
1990,3,1990-09-23,Don Bracken,GNB,KAN,,L 3-17,3,87,1
1990,4,1990-09-30,Bryan Wagner,CLE,KAN,@,L 0-34,5,176,2
1990,5,1990-10-07,Jeff Gossett,RAI,BUF,@,L 24-38,2,58,1
1990,5,1990-10-07,Maury Buford,CHI,GNB,,W 27-13,4,181,1
1990,5,1990-10-07,John Kidd,SDG,PIT,@,L 14-36,3,104,1
1990,5,1990-10-08,Bryan Wagner,CLE,DEN,@,W 30-29,2,71,1
1990,6,1990-10-14,Barry Helton,SFO,ATL,@,W 45-35,4,141,1
1990,6,1990-10-14,Tommy Barnhardt,NOR,CLE,,W 25-20,2,66,1
1990,6,1990-10-14,Bryan Wagner,CLE,NOR,@,L 20-25,3,111,1
1990,7,1990-10-18,Brian Hansen,NWE,MIA,@,L 10-17,8,318,1
1990,8,1990-10-28,Jeff Feagles,PHI,DAL,@,W 21-20,4,153,1
1990,9,1990-11-04,Keith English,RAM,HOU,,W 17-13,2,72,1
1990,9,1990-11-04,Jeff Gossett,RAI,KAN,@,L 7-9,8,321,1
1990,10,1990-11-11,Maury Buford,CHI,ATL,,W 30-24,6,229,1
1990,12,1990-11-22,Ralf Mojsiejenko,WAS,DAL,@,L 17-27,5,220,1
1990,13,1990-12-02,Jeff Feagles,PHI,BUF,@,L 23-30,5,219,1
1990,13,1990-12-02,Harry Newsome,MIN,GNB,,W 23-7,4,162,1
1990,13,1990-12-02,Brian Hansen,NWE,KAN,,L 7-37,6,228,1
1990,14,1990-12-09,Dan Stryzinski,PIT,NWE,,W 24-3,2,72,1
1990,18,1991-01-05,Reggie Roby,MIA,KAN,,W 17-16,2,119,1
1991,5,1991-09-29,Reggie Roby,MIA,NYJ,@,L 23-41,4,181,1
1991,6,1991-10-06,Mike Horan,DEN,HOU,@,L 14-42,4,178,1
1991,8,1991-10-20,Dan Stryzinski,PIT,SEA,,L 7-27,6,229,1
1991,10,1991-11-03,Rich Camarillo,PHO,DAL,@,L 7-27,5,159,1
1991,11,1991-11-10,Kelly Goodburn,WAS,ATL,,W 56-17,5,180,2
1991,11,1991-11-10,Greg Montgomery,HOU,DAL,,W 26-23 (OT),2,91,2
1991,11,1991-11-10,Shawn McCarthy,NWE,MIA,@,L 20-30,2,89,1
1991,12,1991-11-17,John Kidd,SDG,NOR,,W 24-21,5,196,1
1991,13,1991-11-24,Shawn McCarthy,NWE,BUF,,W 16-13,4,149,1
1991,13,1991-11-24,Maury Buford,CHI,MIA,,L 13-16 (OT),4,170,1
1991,15,1991-12-08,Barry Helton,RAM,ATL,,L 14-31,4,167,1
1991,15,1991-12-08,Jeff Feagles,PHI,NYG,@,W 19-14,3,110,1
1991,16,1991-12-16,Tommy Barnhardt,NOR,RAI,,W 27-0,1,50,1
1991,17,1991-12-22,Kelly Goodburn,WAS,PHI,@,L 22-24,5,200,1
1991,18,1991-12-29,Maury Buford,CHI,DAL,,L 13-17,0,0,1
1992,1,1992-09-07,Kelly Goodburn,WAS,DAL,@,L 10-23,6,303,1
1992,2,1992-09-13,Sean Landeta,NYG,DAL,,L 28-34,6,212,1
1992,3,1992-09-20,Scott Fulhage,ATL,NOR,,L 7-10,4,135,1
1992,4,1992-09-27,Harry Newsome,MIN,CIN,@,W 42-7,3,119,1
1992,7,1992-10-18,Greg Montgomery,HOU,DEN,@,L 21-27,4,166,1
1992,7,1992-10-18,Mike Horan,DEN,HOU,,W 27-21,0,0,1
1992,9,1992-11-01,Paul McJulien,GNB,DET,@,W 27-13,1,47,1
1992,10,1992-11-08,Paul McJulien,GNB,NYG,@,L 7-27,4,145,1
1992,11,1992-11-15,Jim Arnold,DET,PIT,@,L 14-17,4,160,1
1992,12,1992-11-22,Greg Montgomery,HOU,MIA,@,L 16-19,3,100,1
1992,12,1992-11-22,Sean Landeta,NYG,PHI,,L 34-47,4,195,1
1992,14,1992-12-06,Bryan Barker,KAN,RAI,@,L 7-28,1,40,1
1992,15,1992-12-13,Mark Royals,PIT,CHI,@,L 6-30,5,241,1
1992,15,1992-12-13,Brian Hansen,CLE,DET,@,L 14-24,3,141,1
1992,16,1992-12-19,Ruben Rodriguez,NYG,KAN,,W 35-21,4,147,1
1992,21,1993-01-31,Mike Saxon,DAL,BUF,N,W 52-17,3,131,1
1993,1,1993-09-05,Sean Landeta,NYG,CHI,@,W 26-20,3,125,1
1993,6,1993-10-10,Mike Saxon,NWE,PHO,@,W 23-21,6,236,1
1993,9,1993-10-31,Dan Stryzinski,TAM,ATL,@,W 31-24,4,148,1
1993,10,1993-11-07,Brian Hansen,CLE,DEN,,L 14-29,4,167,1
1993,12,1993-11-21,Brian Hansen,CLE,HOU,,L 20-27,5,235,1
1993,15,1993-12-12,Mike Saxon,NWE,CIN,,W 7-2,5,216,1
1993,15,1993-12-12,Bryan Barker,KAN,DEN,@,L 21-27,3,145,1
1993,18,1994-01-02,Rick Tuten,SEA,KAN,@,L 24-34,4,202,1
1993,18,1994-01-02,Mike Saxon,NWE,MIA,,W 33-27 (OT),1,34,1
1993,18,1994-01-02,Tom Rouen,DEN,RAI,@,L 30-33 (OT),3,135,1
1993,19,1994-01-08,Mark Royals,PIT,KAN,@,L 24-27 (OT),6,268,1
1994,2,1994-09-11,Mike Horan,NYG,ARI,@,W 20-17,5,153,1
1994,5,1994-10-02,Rohn Stark,IND,SEA,,W 17-15,4,156,1
1994,5,1994-10-02,Greg Montgomery,DET,TAM,@,L 14-24,4,182,1
1994,9,1994-10-30,Lee Johnson,CIN,DAL,,L 20-23,5,253,1
1994,15,1994-12-11,Mike Horan,NYG,CIN,,W 27-20,5,188,1
1995,1,1995-09-03,Craig Hentrich,GNB,STL,,L 14-17,7,342,1
1995,2,1995-09-10,Jeff Gossett,OAK,WAS,@,W 20-8,1,49,1
1995,2,1995-09-11,Craig Hentrich,GNB,CHI,@,W 27-24,1,11,1
1995,3,1995-09-17,Reggie Roby,TAM,CHI,,L 6-25,3,154,1
1995,4,1995-09-25,Mark Royals,DET,SFO,,W 27-24,2,96,1
1995,6,1995-10-08,Mark Royals,DET,CLE,,W 38-20,4,178,1
1995,7,1995-10-15,Brian Hansen,NYJ,CAR,@,L 15-26,7,280,1
1995,11,1995-11-12,Rich Camarillo,HOU,CIN,,L 25-32,4,155,1
1995,12,1995-11-19,Tom Hutton,PHI,NYG,,W 28-19,5,224,1
1995,14,1995-12-03,Tom Rouen,DEN,JAX,,W 31-23,2,87,1
1995,17,1995-12-24,Klaus Wilmsmeyer,NOR,NYJ,@,W 12-0,6,197,1
1995,20,1996-01-14,John Jett,DAL,GNB,,W 38-27,4,183,1
1996,1,1996-09-01,Lee Johnson,CIN,STL,@,L 16-26,2,79,1
1996,2,1996-09-08,Jeff Feagles,ARI,MIA,,L 10-38,5,215,1
1996,6,1996-10-06,Mitch Berger,MIN,CAR,,W 14-12,4,159,1
1996,6,1996-10-06,Greg Montgomery,BAL,NWE,,L 38-46,5,213,1
1996,6,1996-10-06,Tommy Thompson,SFO,STL,@,W 28-11,2,81,1
1996,9,1996-10-27,Tommy Barnhardt,TAM,GNB,@,L 7-13,4,149,1
1996,9,1996-10-27,Mark Royals,DET,NYG,,L 7-35,4,199,1
1996,9,1996-10-28,Mitch Berger,MIN,CHI,,L 13-15,3,125,1
1996,11,1996-11-10,Tom Hutton,PHI,BUF,,L 17-24,3,97,1
1996,12,1996-11-17,Reggie Roby,HOU,MIA,,L 20-23,4,192,1
1996,14,1996-12-02,Tommy Thompson,SFO,ATL,@,W 34-10,2,101,1
1996,17,1996-12-22,Rick Tuten,SEA,OAK,@,W 28-21,9,394,1
1997,2,1997-09-07,John Jett,DET,TAM,,L 17-24,7,349,1
1997,3,1997-09-14,Matt Turk,WAS,ARI,,W 19-13 (OT),7,349,1
1997,3,1997-09-14,Darren Bennett,SDG,CAR,,L 7-26,4,203,1
1997,3,1997-09-14,Tom Tupa,NWE,NYJ,,W 27-24 (OT),5,206,1
1997,5,1997-09-28,Jeff Feagles,ARI,TAM,@,L 18-19,5,226,1
1997,6,1997-10-05,John Jett,DET,BUF,@,L 13-22,5,226,1
1997,7,1997-10-12,Brad Maynard,NYG,ARI,@,W 27-13,6,244,1
1997,7,1997-10-12,Tom Hutton,PHI,JAX,@,L 21-38,4,160,1
1997,7,1997-10-12,Will Brice,STL,SFO,@,L 10-30,7,280,1
1997,12,1997-11-16,Kyle Richardson,SEA,NOR,@,L 17-20 (OT),3,121,1
1997,13,1997-11-23,Kyle Richardson,SEA,KAN,,L 14-19,5,203,1
1997,14,1997-11-30,Tommy Thompson,SFO,KAN,@,L 9-44,3,112,1
1997,16,1997-12-14,Sean Landeta,TAM,NYJ,@,L 0-31,9,373,1
1997,16,1997-12-14,Brian Hansen,NYJ,TAM,,W 31-0,5,220,1
1997,17,1997-12-20,Chris Mohr,BUF,GNB,@,L 21-31,6,207,1
1997,18,1997-12-27,Tom Rouen,DEN,JAX,,W 42-17,2,99,1
1998,5,1998-10-04,Tom Rouen,DEN,PHI,,W 41-16,5,234,1
1998,6,1998-10-11,Scott Player,ARI,CHI,,W 20-7,4,197,1
1998,6,1998-10-11,Kyle Richardson,BAL,TEN,,L 8-12,8,345,1
1998,8,1998-10-26,Louie Aguiar,KAN,PIT,,L 13-20,4,168,1
1998,9,1998-11-01,Lee Johnson,CIN,DEN,,L 26-33,2,73,1
1998,9,1998-11-01,Kyle Richardson,BAL,JAX,,L 19-45,3,130,1
1998,14,1998-12-06,Klaus Wilmsmeyer,MIA,OAK,@,W 27-17,7,281,1
1998,15,1998-12-13,Matt Turk,WAS,CAR,@,W 28-25,5,232,1
1998,15,1998-12-13,Toby Gowin,DAL,KAN,@,L 17-20,5,219,1
1998,17,1998-12-27,Brad Costello,CIN,TAM,,L 0-35,3,143,1
1998,20,1999-01-17,Tom Rouen,DEN,NYJ,,W 23-10,7,317,1
1999,1,1999-09-12,Will Brice,CIN,TEN,@,L 35-36,3,189,1
1999,3,1999-09-26,Hunter Smith,IND,SDG,@,W 27-19,2,84,1
1999,4,1999-10-03,Chad Stanley,SFO,TEN,,W 24-22,5,195,1
1999,5,1999-10-10,Will Brice,CIN,CLE,@,W 18-17,6,288,1
1999,8,1999-10-31,Hunter Smith,IND,DAL,,W 34-24,3,145,1
1999,8,1999-10-31,Daniel Pope,KAN,SDG,,W 34-0,6,282,1
1999,10,1999-11-14,Kyle Richardson,BAL,JAX,@,L 3-6,8,341,1
1999,11,1999-11-22,Leo Araguz,OAK,DEN,@,L 21-27 (OT),6,182,1
1999,15,1999-12-18,Chad Stanley,SFO,CAR,@,L 24-41,2,77,1
1999,15,1999-12-19,Sean Landeta,PHI,NWE,,W 24-9,10,365,1
1999,17,2000-01-02,Daniel Pope,KAN,OAK,,L 38-41 (OT),8,314,1
1999,19,2000-01-15,Tom Hutton,MIA,JAX,@,L 7-62,8,356,1
